{"cameraMode":{"drawMode":0,"name":"Shaded","section":"Shading Mode"},"sceneLighting":true,"audioPlay":false,"sceneViewState":{"m_AlwaysRefresh":false,"showFog":true,"showSkybox":true,"showFlares":true,"showImageEffects":true,"showParticleSystems":true,"showVisualEffectGraphs":true,"m_FxEnabled":true},"in2DMode":false,"pivot":{"x":-2.621687889099121,"y":13.721776962280274,"z":1.0141451358795167},"rotation":{"x":0.021203821524977685,"y":-0.6602926254272461,"z":0.01860109530389309,"w":0.7505121231079102},"size":4.46406364440918,"orthographic":false}