{"cameraMode":{"drawMode":0,"name":"Shaded","section":"Shading Mode"},"sceneLighting":true,"audioPlay":false,"sceneViewState":{"m_AlwaysRefresh":false,"showFog":true,"showSkybox":true,"showFlares":true,"showImageEffects":true,"showParticleSystems":true,"showVisualEffectGraphs":true,"m_FxEnabled":true},"in2DMode":false,"pivot":{"x":0.9169320464134216,"y":-0.08480294048786164,"z":-0.4934297502040863},"rotation":{"x":-0.0034419342409819366,"y":0.9939460754394531,"z":-0.10505994409322739,"w":-0.03251335397362709},"size":0.7605178356170654,"orthographic":false}